ID ,currency,notional,start.date,maturity.date,strike,type.pay,type.receive,standard
1499,EUR,13000000,2019-06-06,2034-06-06,0.006213,floating,fixed,TRUE
1498,EUR,100000000,2019-06-06,2029-06-06,0.00302,floating,fixed,TRUE
1497,EUR,42000000,2019-06-06,2026-06-06,0.000465,floating,fixed,TRUE
1496,EUR,30800000,2019-05-30,2024-05-30,-0.00066,fixed,floating,TRUE
1495,EUR,22000000,2019-05-30,2026-05-30,0.00099,floating,fixed,TRUE
1494,EUR,35000000,2019-05-23,2024-05-23,-0.00023,fixed,floating,TRUE
1493,EUR,25000000,2019-05-23,2026-05-23,0.00158,floating,fixed,TRUE
1492,EUR,16000000,2019-05-16,2034-05-16,0.007745,floating,fixed,TRUE
1491,EUR,29700000,2019-05-09,2024-05-09,0.00007,fixed,floating,TRUE
1490,EUR,15000000,2019-05-09,2029-05-09,0.00464,floating,fixed,TRUE
1489,EUR,41000000,2019-05-09,2049-05-09,0.010705,floating,fixed,TRUE
1488,EUR,40000000,2019-05-09,2034-05-09,0.008235,floating,fixed,TRUE
1487,EUR,90000000,2019-05-09,2026-05-09,0.00197,floating,fixed,TRUE
1486,EUR,19800000,2019-05-06,2026-05-06,0.00231,floating,fixed,TRUE
1485,EUR,32100000,2019-05-06,2024-05-06,0.00039,fixed,floating,TRUE
1484,EUR,46700000,2019-05-06,2022-05-06,-0.0013,floating,fixed,TRUE
1483,EUR,14000000,2019-05-06,2029-05-06,0.00525,fixed,floating,TRUE
1482,EUR,23000000,2019-05-06,2026-05-06,0.00221,floating,fixed,TRUE
1481,EUR,28000000,2019-05-06,2024-05-06,0.00049,fixed,floating,TRUE
1480,EUR,21200000,2019-04-26,2026-04-26,0.00218,floating,fixed,TRUE
1479,EUR,21000000,2019-04-26,2024-04-26,0.00026,fixed,floating,TRUE
1478,EUR,50000000,2019-04-26,2022-04-26,-0.00139,floating,fixed,TRUE
1477,EUR,15000000,2019-04-26,2029-04-26,0.00513,fixed,floating,TRUE
1476,EUR,15000000,2019-04-26,2026-04-26,0.00208,floating,fixed,TRUE
1475,EUR,30000000,2019-04-26,2024-04-26,0.00036,fixed,floating,TRUE
1474,EUR,14100000,2019-04-18,2026-04-18,0.0026,floating,fixed,TRUE
1473,EUR,33500000,2019-04-18,2024-04-18,0.00059,fixed,floating,TRUE
1472,EUR,26600000,2019-04-18,2022-04-18,-0.00129,floating,fixed,TRUE
1471,EUR,10000000,2019-04-18,2029-04-18,0.00564,fixed,floating,TRUE
1470,EUR,24000000,2019-04-18,2026-04-18,0.0025,floating,fixed,TRUE
1469,EUR,16000000,2019-04-18,2024-04-18,0.00069,fixed,floating,TRUE
1468,EUR,13000000,2019-04-04,2034-04-04,0.00833,floating,fixed,TRUE
1467,EUR,10000000,2019-04-04,2039-04-04,0.010165,fixed,floating,TRUE
1466,EUR,25800000,2019-03-14,2059-03-14,0.01182,fixed,floating,TRUE
1465,EUR,24000000,2019-03-14,2049-03-14,0.01189,floating,fixed,TRUE
1464,EUR,34400000,2019-03-14,2039-03-14,0.01107,fixed,floating,TRUE
1463,EUR,39400000,2019-03-14,2034-03-14,0.00933,floating,fixed,TRUE
1462,EUR,101100000,2019-03-14,2026-03-14,0.00287,floating,fixed,TRUE
1461,EUR,123100000,2019-03-14,2022-03-14,-0.00095,floating,fixed,TRUE
1460,EUR,21500000,2019-03-14,2069-03-14,0.011405,floating,fixed,TRUE
1459,EUR,19000000,2019-03-14,2059-03-14,0.01202,fixed,floating,TRUE
1458,EUR,24500000,2019-03-14,2049-03-14,0.011715,floating,fixed,TRUE
1457,EUR,39500000,2019-03-14,2039-03-14,0.011195,fixed,floating,TRUE
1456,EUR,59500000,2019-03-14,2029-03-14,0.00588,fixed,floating,TRUE
1455,EUR,120000000,2019-03-14,2024-03-14,0.00099,fixed,floating,TRUE
1454,EUR,22600000,2019-03-07,2026-03-07,0.0039,floating,fixed,TRUE
1453,EUR,18100000,2019-03-07,2024-03-07,0.0017,fixed,floating,TRUE
1452,EUR,33300000,2019-03-07,2022-03-07,-0.00043,floating,fixed,TRUE
1451,EUR,16000000,2019-03-07,2029-03-07,0.00711,fixed,floating,TRUE
1450,EUR,13000000,2019-03-07,2026-03-07,0.0038,floating,fixed,TRUE
1449,EUR,20000000,2019-03-07,2024-03-07,0.0018,fixed,floating,TRUE
1448,EUR,31100000,2019-02-14,2059-02-14,0.01235,fixed,floating,TRUE
1447,EUR,53300000,2019-02-14,2039-02-14,0.01187,fixed,floating,TRUE
1446,EUR,70600000,2019-02-14,2026-02-14,0.00351,floating,fixed,TRUE
1445,EUR,50200000,2019-02-14,2024-02-14,0.00127,fixed,floating,TRUE
1444,EUR,26000000,2019-02-14,2069-02-14,0.011895,floating,fixed,TRUE
1443,EUR,38000000,2019-02-14,2049-02-14,0.012305,floating,fixed,TRUE
1442,EUR,50000000,2019-02-14,2029-02-14,0.00678,fixed,floating,TRUE
1441,EUR,36000000,2019-02-14,2026-02-14,0.00341,floating,fixed,TRUE
1440,EUR,40000000,2019-02-14,2024-02-14,0.00137,fixed,floating,TRUE
1439,EUR,12900000,2019-02-07,2034-02-07,0.01081,floating,fixed,TRUE
1438,EUR,18300000,2019-02-07,2026-02-07,0.00404,floating,fixed,TRUE
1437,EUR,23700000,2019-02-07,2024-02-07,0.00171,fixed,floating,TRUE
1436,EUR,41600000,2019-02-07,2022-02-07,-0.0005,floating,fixed,TRUE
1435,EUR,10000000,2019-02-07,2039-02-07,0.012555,fixed,floating,TRUE
1434,EUR,13000000,2019-02-07,2029-02-07,0.00734,fixed,floating,TRUE
1433,EUR,17000000,2019-02-07,2026-02-07,0.00394,floating,fixed,TRUE
1432,EUR,25000000,2019-02-07,2024-02-07,0.00181,fixed,floating,TRUE
1431,EUR,0,2019-02-06,2029-02-06,0.00689,floating,fixed,TRUE
1430,EUR,12600000,2019-01-31,2049-01-31,0.01308,floating,fixed,TRUE
1429,EUR,14100000,2019-01-31,2026-01-31,0.00409,floating,fixed,TRUE
1428,EUR,10000000,2019-01-31,2059-01-31,0.0132,fixed,floating,TRUE
1427,EUR,10000000,2019-01-31,2029-01-31,0.00743,fixed,floating,TRUE
1426,EUR,30000000,2019-01-24,2024-01-24,0.002,fixed,floating,TRUE
1425,EUR,66400000,2019-01-24,2022-01-24,-0.00048,floating,fixed,TRUE
1424,EUR,21500000,2019-01-24,2026-01-24,0.00446,floating,fixed,TRUE
1423,EUR,39900000,2019-01-24,2024-01-24,0.0021,fixed,floating,TRUE
1422,EUR,20300000,2019-01-17,2029-01-17,0.00776,fixed,floating,TRUE
1421,EUR,26200000,2019-01-17,2026-01-17,0.00431,floating,fixed,TRUE
1420,EUR,10000000,2019-01-17,2039-01-17,0.013285,fixed,floating,TRUE
1419,EUR,14000000,2019-01-17,2034-01-17,0.011365,floating,fixed,TRUE
1418,EUR,33300000,2019-01-10,2022-01-10,-0.00047,floating,fixed,TRUE
1417,EUR,20000000,2019-01-10,2024-01-10,0.00219,fixed,floating,TRUE
1416,EUR,12591000,2019-01-07,2049-01-07,0.0134,floating,fixed,TRUE
1415,EUR,12851000,2019-01-07,2034-01-07,0.01122,floating,fixed,TRUE
1414,EUR,14098000,2019-01-07,2026-01-07,0.00424,floating,fixed,TRUE
1413,EUR,10000000,2019-01-07,2059-01-07,0.01358,fixed,floating,TRUE
1412,EUR,10000000,2019-01-07,2039-01-07,0.012955,fixed,floating,TRUE
1411,EUR,10000000,2019-01-07,2029-01-07,0.00772,fixed,floating,TRUE
1410,EUR,16000000,2018-12-31,2028-12-31,0.00825,fixed,floating,TRUE
1409,EUR,11000000,2018-12-31,2033-12-31,0.011645,floating,fixed,TRUE
1409_1,EUR,11000000,2018-12-31,2033-12-31,0.011645,floating,fixed,TRUE
1408,EUR,22000000,2018-12-31,2025-12-31,0.00473,floating,fixed,TRUE
1407,EUR,13900000,2018-12-20,2038-12-20,0.01355,fixed,floating,TRUE
1406,EUR,14500000,2018-12-20,2028-12-20,0.008455,fixed,floating,TRUE
1405,EUR,14100000,2018-12-20,2025-12-20,0.00511,floating,fixed,TRUE
1404,EUR,10000000,2018-12-20,2048-12-20,0.013925,floating,fixed,TRUE
1403,EUR,10000000,2018-12-20,2033-12-20,0.01188,floating,fixed,TRUE
1402,EUR,10000000,2018-12-20,2028-12-20,0.008555,fixed,floating,TRUE
1401,EUR,10000000,2018-12-20,2025-12-20,0.00501,floating,fixed,TRUE
1400,EUR,22400000,2018-12-13,2033-12-13,0.01219,floating,fixed,TRUE
1399,EUR,28100000,2018-12-13,2025-12-13,0.00536,floating,fixed,TRUE
1398,EUR,10000000,2018-12-13,2058-12-13,0.01431,fixed,floating,TRUE
1397,EUR,20000000,2018-12-13,2028-12-13,0.00878,fixed,floating,TRUE
1396,EUR,13900000,2018-12-06,2038-12-06,0.0138,fixed,floating,TRUE
1395,EUR,14100000,2018-12-06,2025-12-06,0.00535,floating,fixed,TRUE
1394,EUR,10000000,2018-12-06,2048-12-06,0.014215,floating,fixed,TRUE
1393,EUR,10000000,2018-12-06,2028-12-06,0.00878,fixed,floating,TRUE
1392,EUR,14500000,2018-11-29,2028-11-29,0.00906,fixed,floating,TRUE
1391,EUR,14100000,2018-11-29,2025-11-29,0.00573,floating,fixed,TRUE
1390,EUR,38900000,2018-11-29,2023-11-29,0.00303,fixed,floating,TRUE
1389,EUR,33200000,2018-11-29,2021-11-29,0.00003,floating,fixed,TRUE
1388,EUR,10000000,2018-11-29,2033-11-29,0.012475,floating,fixed,TRUE
1387,EUR,10000000,2018-11-29,2028-11-29,0.00916,fixed,floating,TRUE
1386,EUR,28000000,2018-11-29,2025-11-29,0.00563,floating,fixed,TRUE
1385,EUR,20000000,2018-11-29,2023-11-29,0.00313,fixed,floating,TRUE
1384,EUR,14500000,2018-11-22,2028-11-22,0.00918,fixed,floating,TRUE
1383,EUR,10000000,2018-11-22,2033-11-22,0.012585,floating,fixed,TRUE
1383_1,EUR,7000000,2018-11-22,2033-11-22,0.012585,floating,fixed,TRUE
1382,EUR,14000000,2018-11-22,2025-11-22,0.00576,floating,fixed,TRUE
1381,EUR,22500000,2018-11-15,2025-11-15,0.00628,floating,fixed,TRUE
1380,EUR,16000000,2018-11-15,2028-11-15,0.00968,fixed,floating,TRUE
1379,EUR,12500000,2018-11-08,2048-11-08,0.01517,floating,fixed,TRUE
1378,EUR,14000000,2018-11-08,2025-11-08,0.00634,floating,fixed,TRUE
1377,EUR,40300000,2018-11-08,2023-11-08,0.00354,fixed,floating,TRUE
1376,EUR,33200000,2018-11-08,2021-11-08,0.00033,floating,fixed,TRUE
1375,EUR,10000000,2018-11-08,2058-11-08,0.01523,fixed,floating,TRUE
1374,EUR,10000000,2018-11-08,2028-11-08,0.00979,fixed,floating,TRUE
1373,EUR,29000000,2018-11-08,2025-11-08,0.00624,floating,fixed,TRUE
1372,EUR,20000000,2018-11-08,2023-11-08,0.00364,fixed,floating,TRUE
1371,EUR,22500000,2018-11-01,2025-11-01,0.00623,floating,fixed,TRUE
1370,EUR,29200000,2018-11-01,2023-11-01,0.00349,fixed,floating,TRUE
1369,EUR,49800000,2018-11-01,2021-11-01,0.00039,floating,fixed,TRUE
1368,EUR,16000000,2018-11-01,2028-11-01,0.00963,fixed,floating,TRUE
1367,EUR,21000000,2018-11-01,2025-11-01,0.00613,floating,fixed,TRUE
1366,EUR,30000000,2018-11-01,2023-11-01,0.00359,fixed,floating,TRUE
1365,EUR,20800000,2018-10-25,2038-10-25,0.01481,fixed,floating,TRUE
1364,EUR,15900000,2018-10-25,2028-10-25,0.00988,fixed,floating,TRUE
1363,EUR,15000000,2018-10-25,2048-10-25,0.015145,floating,fixed,TRUE
1362,EUR,11000000,2018-10-25,2033-10-25,0.013165,floating,fixed,TRUE
1361,EUR,22000000,2018-10-25,2025-10-25,0.00649,floating,fixed,TRUE
1360,EUR,14400000,2018-10-18,2028-10-18,0.01034,fixed,floating,TRUE
1359,EUR,10000000,2018-10-18,2033-10-18,0.013655,floating,fixed,TRUE
1359_1,EUR,10000000,2018-10-18,2033-10-18,0.013655,floating,fixed,TRUE
1358,EUR,14000000,2018-10-11,2025-10-11,0.00738,floating,fixed,TRUE
1357,EUR,16600000,2018-10-11,2021-10-11,0.00099,floating,fixed,TRUE
1356,EUR,10000000,2018-10-11,2028-10-11,0.01083,fixed,floating,TRUE
1355,EUR,10000000,2018-10-11,2023-10-11,0.00462,fixed,floating,TRUE
1354,EUR,19700000,2018-10-04,2025-10-04,0.0065,floating,fixed,TRUE
1353,EUR,51400000,2018-10-04,2023-10-04,0.00376,fixed,floating,TRUE
1352,EUR,16600000,2018-10-04,2021-10-04,0.00056,floating,fixed,TRUE
1351,EUR,14000000,2018-10-04,2028-10-04,0.00988,fixed,floating,TRUE
1350,EUR,37000000,2018-10-04,2025-10-04,0.0064,floating,fixed,TRUE
1349,EUR,10000000,2018-10-04,2023-10-04,0.00386,fixed,floating,TRUE
1348,EUR,13800000,2018-09-27,2038-09-27,0.0152,fixed,floating,TRUE
1347,EUR,14400000,2018-09-27,2028-09-27,0.01017,fixed,floating,TRUE
1346,EUR,10000000,2018-09-27,2048-09-27,0.015625,floating,fixed,TRUE
1345,EUR,10000000,2018-09-27,2033-09-27,0.013495,floating,fixed,TRUE
1344,EUR,14000000,2018-09-20,2025-09-20,0.00613,floating,fixed,TRUE
1343,EUR,49800000,2018-09-20,2021-09-20,0.00018,floating,fixed,TRUE
1342,EUR,10000000,2018-09-20,2028-09-20,0.00961,fixed,floating,TRUE
1341,EUR,30000000,2018-09-20,2023-09-20,0.00345,fixed,floating,TRUE
1340,EUR,14500000,2018-09-13,2028-09-13,0.00936,fixed,floating,TRUE
1339,EUR,10000000,2018-09-13,2033-09-13,0.012845,floating,fixed,TRUE
1338,EUR,20000000,2018-09-13,2025-09-13,0.00585,floating,fixed,TRUE
1337,EUR,10200000,2018-09-06,2028-09-06,0.00875,fixed,floating,TRUE
1336,EUR,10500000,2018-09-06,2033-09-06,0.012235,floating,fixed,TRUE
1335,EUR,14300000,2018-09-06,2025-09-06,0.00532,floating,fixed,TRUE
1334,EUR,21800000,2018-08-30,2028-08-30,0.00888,fixed,floating,TRUE
1333,EUR,21100000,2018-08-30,2025-08-30,0.00552,floating,fixed,TRUE
1332,EUR,15000000,2018-08-30,2033-08-30,0.012345,floating,fixed,TRUE
1331,EUR,15000000,2018-08-30,2028-08-30,0.00898,fixed,floating,TRUE
1330,EUR,13900000,2018-08-23,2038-08-23,0.01394,fixed,floating,TRUE
1329,EUR,14100000,2018-08-23,2025-08-23,0.00537,floating,fixed,TRUE
1328,EUR,39000000,2018-08-23,2023-08-23,0.0027,fixed,floating,TRUE
1327,EUR,10000000,2018-08-23,2048-08-23,0.014475,floating,fixed,TRUE
1326,EUR,10000000,2018-08-23,2028-08-23,0.00883,fixed,floating,TRUE
1325,EUR,28000000,2018-08-23,2025-08-23,0.00527,floating,fixed,TRUE
1324,EUR,10000000,2018-08-23,2023-08-23,0.0028,fixed,floating,TRUE
1323,EUR,28100000,2018-08-16,2025-08-16,0.00542,floating,fixed,TRUE
1322,EUR,27900000,2018-08-16,2023-08-16,0.00272,fixed,floating,TRUE
1321,EUR,29900000,2018-08-16,2021-08-16,-0.00016,floating,fixed,TRUE
1320,EUR,20000000,2018-08-16,2028-08-16,0.0089,fixed,floating,TRUE
1319,EUR,20000000,2018-08-16,2025-08-16,0.00532,floating,fixed,TRUE
1318,EUR,18000000,2018-08-16,2023-08-16,0.00282,fixed,floating,TRUE
1317,EUR,14100000,2018-08-09,2025-08-09,0.00588,floating,fixed,TRUE
1316,EUR,10000000,2018-08-09,2028-08-09,0.00932,fixed,floating,TRUE
1315,EUR,0,2018-08-06,2028-08-06,0.009572,floating,fixed,TRUE
1314,EUR,13900000,2018-08-02,2038-08-02,0.01463,fixed,floating,TRUE
1313,EUR,18700000,2018-08-02,2025-08-02,0.00614,floating,fixed,TRUE
1312,EUR,33900000,2018-08-02,2023-08-02,0.00337,fixed,floating,TRUE
1311,EUR,43200000,2018-08-02,2021-08-02,0.00013,floating,fixed,TRUE
1310,EUR,10000000,2018-08-02,2048-08-02,0.015145,floating,fixed,TRUE
1309,EUR,13300000,2018-08-02,2028-08-02,0.00959,fixed,floating,TRUE
1308,EUR,24400000,2018-08-02,2025-08-02,0.00604,floating,fixed,TRUE
1307,EUR,26000000,2018-08-02,2023-08-02,0.00347,fixed,floating,TRUE
1306,EUR,33200000,2018-07-26,2021-07-26,-0.0001,floating,fixed,TRUE
1305,EUR,20000000,2018-07-26,2023-07-26,0.00311,fixed,floating,TRUE
1304,EUR,12800000,2018-07-19,2033-07-19,0.01229,floating,fixed,TRUE
1303,EUR,19700000,2018-07-19,2025-07-19,0.00538,floating,fixed,TRUE
1302,EUR,16600000,2018-07-19,2021-07-19,-0.00025,floating,fixed,TRUE
1301,EUR,10000000,2018-07-19,2038-07-19,0.014085,fixed,floating,TRUE
1300,EUR,14000000,2018-07-19,2028-07-19,0.00882,fixed,floating,TRUE
1299,EUR,10000000,2018-07-19,2023-07-19,0.00281,fixed,floating,TRUE
1298,EUR,21101000,2018-07-12,2025-07-12,0.00542,floating,fixed,TRUE
1297,EUR,27851000,2018-07-12,2023-07-12,0.00273,fixed,floating,TRUE
1296,EUR,33246000,2018-07-12,2021-07-12,-0.00027,floating,fixed,TRUE
1295,EUR,15000000,2018-07-12,2028-07-12,0.00887,fixed,floating,TRUE
1294,EUR,20000000,2018-07-12,2025-07-12,0.00532,floating,fixed,TRUE
1293,EUR,20000000,2018-07-12,2023-07-12,0.00283,fixed,floating,TRUE
1292,EUR,13901000,2018-07-05,2038-07-05,0.01396,fixed,floating,TRUE
1291,EUR,10149000,2018-07-05,2028-07-05,0.00877,fixed,floating,TRUE
1290,EUR,10000000,2018-07-05,2048-07-05,0.014445,floating,fixed,TRUE
1289,EUR,10000000,2018-07-05,2033-07-05,0.012225,floating,fixed,TRUE
1288,EUR,14000000,2018-07-05,2025-07-05,0.00528,floating,fixed,TRUE
1287,EUR,14500000,2018-06-28,2028-06-28,0.00888,fixed,floating,TRUE
1286,EUR,14000000,2018-06-28,2025-06-28,0.00538,floating,fixed,TRUE
1285,EUR,10000000,2018-06-28,2033-06-28,0.012435,floating,fixed,TRUE
1284,EUR,10000000,2018-06-28,2028-06-28,0.00898,fixed,floating,TRUE
1283,EUR,28100000,2018-06-21,2025-06-21,0.00536,floating,fixed,TRUE
1282,EUR,20000000,2018-06-21,2028-06-21,0.00894,fixed,floating,TRUE
1281,EUR,21700000,2018-06-14,2028-06-14,0.01024,fixed,floating,TRUE
1280,EUR,15000000,2018-06-14,2033-06-14,0.013485,floating,fixed,TRUE
1279,EUR,17300000,2018-06-07,2025-06-07,0.00597,floating,fixed,TRUE
1278,EUR,36000000,2018-06-07,2023-06-07,0.00317,fixed,floating,TRUE
1277,EUR,16600000,2018-06-07,2021-06-07,0.00003,floating,fixed,TRUE
1276,EUR,12300000,2018-06-07,2028-06-07,0.00941,fixed,floating,TRUE
1275,EUR,25900000,2018-06-07,2025-06-07,0.00587,floating,fixed,TRUE
1274,EUR,10000000,2018-06-07,2023-06-07,0.00327,fixed,floating,TRUE
1273,EUR,11750000,2018-05-31,2058-05-31,0.01479,fixed,floating,TRUE
1272,EUR,13900000,2018-05-31,2038-05-31,0.01421,fixed,floating,TRUE
1271,EUR,12800000,2018-05-31,2033-05-31,0.0126,floating,fixed,TRUE
1270,EUR,22500000,2018-05-31,2025-05-31,0.00561,floating,fixed,TRUE
1269,EUR,10000000,2018-05-31,2068-05-31,0.014215,floating,fixed,TRUE
1268,EUR,10000000,2018-05-31,2048-05-31,0.014685,floating,fixed,TRUE
1267,EUR,10000000,2018-05-31,2038-05-31,0.014335,fixed,floating,TRUE
1266,EUR,16000000,2018-05-31,2028-05-31,0.00916,fixed,floating,TRUE
1265,EUR,28800000,2018-05-25,2025-05-25,0.00664,floating,fixed,TRUE
1264,EUR,25500000,2018-05-25,2028-05-25,0.01007,fixed,floating,TRUE
1263,EUR,10000000,2018-05-25,2023-05-25,0.00385,fixed,floating,TRUE
1262,EUR,4300000,2018-05-17,2028-05-17,0.01062,fixed,floating,TRUE
1261,EUR,3000000,2018-05-17,2033-05-17,0.01378,floating,fixed,TRUE
1260,EUR,12800000,2018-05-11,2033-05-11,0.01344,floating,fixed,TRUE
1259,EUR,14500000,2018-05-11,2028-05-11,0.01007,fixed,floating,TRUE
1258,EUR,10000000,2018-05-11,2038-05-11,0.015085,fixed,floating,TRUE
1257,EUR,10000000,2018-05-11,2033-05-11,0.013315,floating,fixed,TRUE
1256,EUR,14500000,2018-05-07,2028-05-07,0.00987,fixed,floating,TRUE
1255,EUR,28100000,2018-05-07,2025-05-07,0.00663,floating,fixed,TRUE
1254,EUR,23600000,2018-05-07,2023-05-07,0.00381,fixed,floating,TRUE
1253,EUR,10000000,2018-05-07,2033-05-07,0.013135,floating,fixed,TRUE
1252,EUR,20000000,2018-05-07,2028-05-07,0.00997,fixed,floating,TRUE
1251,EUR,29000000,2018-05-07,2025-05-07,0.00653,floating,fixed,TRUE
1250,EUR,14470000,2018-04-26,2028-04-26,0.01039,fixed,floating,TRUE
1249,EUR,10000000,2018-04-26,2033-04-26,0.013575,floating,fixed,TRUE
1248,EUR,13900000,2018-04-19,2038-04-19,0.01447,fixed,floating,TRUE
1247,EUR,14050000,2018-04-19,2025-04-19,0.00652,floating,fixed,TRUE
1246,EUR,49800000,2018-04-19,2021-04-19,0.00031,floating,fixed,TRUE
1245,EUR,10000000,2018-04-19,2048-04-19,0.014755,floating,fixed,TRUE
1244,EUR,10000000,2018-04-19,2028-04-19,0.0098,fixed,floating,TRUE
1243,EUR,30000000,2018-04-19,2023-04-19,0.00387,fixed,floating,TRUE
1242,EUR,12457000,2018-04-12,2048-04-12,0.01467,floating,fixed,TRUE
1241,EUR,10000000,2018-04-12,2058-04-12,0.01472,fixed,floating,TRUE
1240,EUR,12800000,2018-04-09,2033-04-09,0.01299,floating,fixed,TRUE
1239,EUR,17400000,2018-04-09,2028-04-09,0.00965,fixed,floating,TRUE
1238,EUR,14000000,2018-04-09,2025-04-09,0.00645,floating,fixed,TRUE
1237,EUR,10000000,2018-04-09,2038-04-09,0.014545,fixed,floating,TRUE
1236,EUR,12000000,2018-04-09,2033-04-09,0.012865,floating,fixed,TRUE
1235,EUR,10000000,2018-04-09,2028-04-09,0.00975,fixed,floating,TRUE
1234,EUR,13000000,2018-04-09,2025-04-09,0.00635,floating,fixed,TRUE
1233,EUR,8700000,2018-03-29,2048-03-29,0.01485,floating,fixed,TRUE
1232,EUR,7100000,2018-03-29,2033-03-29,0.01307,floating,fixed,TRUE
1231,EUR,2200000,2018-03-29,2028-03-29,0.00983,fixed,floating,TRUE
1230,EUR,14000000,2018-03-29,2025-03-29,0.00665,floating,fixed,TRUE
1229,EUR,13900000,2018-03-29,2023-03-29,0.00385,fixed,floating,TRUE
1228,EUR,10200000,2018-03-29,2058-03-29,0.01491,fixed,floating,TRUE
1227,EUR,1500000,2018-03-29,2033-03-29,0.01292,floating,fixed,TRUE
1226,EUR,10000000,2018-03-29,2028-03-29,0.00993,fixed,floating,TRUE
1225,EUR,10000000,2018-03-29,2025-03-29,0.00655,floating,fixed,TRUE
1224,EUR,13650000,2018-03-22,2048-03-22,0.01532,floating,fixed,TRUE
1223,EUR,8900000,2018-03-22,2033-03-22,0.01354,floating,fixed,TRUE
1222,EUR,14000000,2018-03-22,2025-03-22,0.00709,floating,fixed,TRUE
1221,EUR,20800000,2018-03-22,2023-03-22,0.00421,fixed,floating,TRUE
1220,EUR,49800000,2018-03-22,2021-03-22,0.00047,floating,fixed,TRUE
1219,EUR,15000000,2018-03-22,2058-03-22,0.01537,fixed,floating,TRUE
1218,EUR,10000000,2018-03-22,2028-03-22,0.01039,fixed,floating,TRUE
1217,EUR,15000000,2018-03-22,2025-03-22,0.00699,floating,fixed,TRUE
1216,EUR,30000000,2018-03-22,2023-03-22,0.00431,fixed,floating,TRUE
1215,EUR,20500000,2018-03-01,2038-03-01,0.01571,fixed,floating,TRUE
1214,EUR,14400000,2018-03-01,2028-03-01,0.01096,fixed,floating,TRUE
1213,EUR,14000000,2018-03-01,2025-03-01,0.0077,floating,fixed,TRUE
1212,EUR,10000000,2018-03-01,2068-03-01,0.015315,floating,fixed,TRUE
1211,EUR,10000000,2018-03-01,2033-03-01,0.014155,floating,fixed,TRUE
1210,EUR,10000000,2018-03-01,2028-03-01,0.01106,fixed,floating,TRUE
1209,EUR,16800000,2018-02-22,2038-02-22,0.01639,fixed,floating,TRUE
1208,EUR,31000000,2018-02-22,2028-02-22,0.01151,fixed,floating,TRUE
1207,EUR,21700000,2018-02-22,2025-02-22,0.0081,floating,fixed,TRUE
1206,EUR,12200000,2018-02-22,2048-02-22,0.016665,floating,fixed,TRUE
1205,EUR,21500000,2018-02-22,2033-02-22,0.014835,floating,fixed,TRUE
1204,EUR,15500000,2018-02-22,2028-02-22,0.01161,fixed,floating,TRUE
1203,EUR,1170000,2018-02-08,2058-02-08,0.01557,fixed,floating,TRUE
1202,EUR,16800000,2018-02-08,2048-02-08,0.01573,floating,fixed,TRUE
1201,EUR,2200000,2018-02-08,2038-02-08,0.01528,fixed,floating,TRUE
1200,EUR,35000000,2018-02-08,2025-02-08,0.00739,floating,fixed,TRUE
1199,EUR,21900000,2018-02-08,2021-02-08,0.00059,floating,fixed,TRUE
1198,EUR,1000000,2018-02-08,2068-02-08,0.01491,floating,fixed,TRUE
1197,EUR,13600000,2018-02-08,2058-02-08,0.01577,fixed,floating,TRUE
1196,EUR,1600000,2018-02-08,2048-02-08,0.01553,floating,fixed,TRUE
1195,EUR,25000000,2018-02-08,2028-02-08,0.01077,fixed,floating,TRUE
1194,EUR,13200000,2018-02-08,2023-02-08,0.0045,fixed,floating,TRUE
1193,EUR,1630000,2018-01-18,2058-01-18,0.01534,fixed,floating,TRUE
1192,EUR,8300000,2018-01-18,2038-01-18,0.01456,fixed,floating,TRUE
1191,EUR,34600000,2018-01-18,2025-01-18,0.00635,floating,fixed,TRUE
1190,EUR,43150000,2018-01-18,2021-01-18,0.0005,floating,fixed,TRUE
1189,EUR,1400000,2018-01-18,2068-01-18,0.01477,floating,fixed,TRUE
1188,EUR,6000000,2018-01-18,2048-01-18,0.0151,floating,fixed,TRUE
1187,EUR,24600000,2018-01-18,2028-01-18,0.00962,fixed,floating,TRUE
1186,EUR,42000000,2018-01-18,2023-01-18,0.00385,fixed,floating,TRUE
1185,EUR,8200000,2017-12-29,2037-12-29,0.0141,fixed,floating,TRUE
1184,EUR,14200000,2017-12-29,2027-12-29,0.00877,fixed,floating,TRUE
1183,EUR,15800000,2017-12-29,2024-12-29,0.00557,floating,fixed,TRUE
1182,EUR,5900000,2017-12-29,2047-12-29,0.01474,floating,fixed,TRUE
1181,EUR,9800000,2017-12-29,2032-12-29,0.01228,floating,fixed,TRUE
1180,EUR,11200000,2017-12-29,2027-12-29,0.00887,fixed,floating,TRUE
1179,EUR,40900000,2017-12-14,2027-12-14,0.00802,fixed,floating,TRUE
1178,EUR,78000000,2017-12-14,2022-12-14,0.00212,fixed,floating,TRUE
1177,EUR,2200000,2017-12-14,2067-12-14,0.01411,floating,fixed,TRUE
1176,EUR,21000000,2017-12-14,2047-12-14,0.014265,floating,fixed,TRUE
1175,EUR,43000000,2017-12-14,2024-12-14,0.00455,floating,fixed,TRUE
1174,EUR,10600000,2017-12-07,2047-12-07,0.01448,floating,fixed,TRUE
1173,EUR,20300000,2017-12-07,2032-12-07,0.01173,floating,fixed,TRUE
1172,EUR,24200000,2017-12-07,2024-12-07,0.00455,floating,fixed,TRUE
1171,EUR,10000000,2017-12-07,2022-12-07,0.00198,fixed,floating,TRUE
1170,EUR,46400000,2017-12-07,2020-12-07,-0.00068,floating,fixed,TRUE
1169,EUR,20400000,2017-12-07,2057-12-07,0.01489,fixed,floating,TRUE
1168,EUR,8100000,2017-12-07,2027-12-07,0.008105,fixed,floating,TRUE
1167,EUR,7200000,2017-12-07,2024-12-07,0.004425,floating,fixed,TRUE
1166,EUR,27900000,2017-12-07,2022-12-07,0.00208,fixed,floating,TRUE
1165,EUR,4800000,2017-11-23,2057-11-23,0.01529,fixed,floating,TRUE
1164,EUR,22100000,2017-11-23,2037-11-23,0.01399,fixed,floating,TRUE
1163,EUR,30500000,2017-11-23,2027-11-23,0.00815,fixed,floating,TRUE
1162,EUR,4000000,2017-11-23,2067-11-23,0.01478,floating,fixed,TRUE
1161,EUR,16000000,2017-11-23,2047-11-23,0.014905,floating,fixed,TRUE
1160,EUR,21000000,2017-11-23,2032-11-23,0.012005,floating,fixed,TRUE
1159,EUR,6400000,2017-11-09,2047-11-09,0.01533,floating,fixed,TRUE
1158,EUR,14400000,2017-11-09,2024-11-09,0.00456,floating,fixed,TRUE
1157,EUR,27900000,2017-11-09,2022-11-09,0.00183,fixed,floating,TRUE
1156,EUR,53100000,2017-11-09,2020-11-09,-0.00087,floating,fixed,TRUE
1155,EUR,5100000,2017-11-09,2057-11-09,0.01578,fixed,floating,TRUE
1154,EUR,5500000,2017-11-09,2037-11-09,0.01436,fixed,floating,TRUE
1153,EUR,20000000,2017-11-09,2024-11-09,0.00446,floating,fixed,TRUE
1152,EUR,31900000,2017-11-09,2022-11-09,0.00193,fixed,floating,TRUE
1151,EUR,18200000,2017-11-09,2020-11-09,-0.00097,floating,fixed,TRUE
1150,EUR,5500000,2017-10-26,2037-10-26,0.01499,fixed,floating,TRUE
1149,EUR,26500000,2017-10-26,2027-10-26,0.00915,fixed,floating,TRUE
1148,EUR,14300000,2017-10-26,2024-10-26,0.0054,floating,fixed,TRUE
1147,EUR,13900000,2017-10-26,2022-10-26,0.00254,fixed,floating,TRUE
1146,EUR,4000000,2017-10-26,2047-10-26,0.01585,floating,fixed,TRUE
1145,EUR,18300000,2017-10-26,2032-10-26,0.013035,floating,fixed,TRUE
1144,EUR,10200000,2017-10-26,2027-10-26,0.00925,fixed,floating,TRUE
1143,EUR,10000000,2017-10-26,2024-10-26,0.0053,floating,fixed,TRUE
1142,EUR,13800000,2017-10-12,2037-10-12,0.01476,fixed,floating,TRUE
1141,EUR,11100000,2017-10-12,2027-10-12,0.00888,fixed,floating,TRUE
1140,EUR,20000000,2017-10-12,2024-10-12,0.00519,floating,fixed,TRUE
1139,EUR,24000000,2017-10-12,2022-10-12,0.00243,fixed,floating,TRUE
1138,EUR,3000000,2017-10-12,2067-10-12,0.01538,floating,fixed,TRUE
1137,EUR,10000000,2017-10-12,2047-10-12,0.015635,floating,fixed,TRUE
1136,EUR,14200000,2017-10-12,2027-10-12,0.00898,fixed,floating,TRUE
1135,EUR,17200000,2017-10-12,2024-10-12,0.00509,floating,fixed,TRUE
1134,EUR,20900000,2017-09-28,2022-09-28,0.00211,fixed,floating,TRUE
1133,EUR,81500000,2017-09-28,2020-09-28,-0.0006,floating,fixed,TRUE
1132,EUR,15000000,2017-09-28,2024-09-28,0.00473,floating,fixed,TRUE
1131,EUR,49000000,2017-09-28,2022-09-28,0.00221,fixed,floating,TRUE
1130,EUR,20000000,2017-09-28,2020-09-28,-0.0007,floating,fixed,TRUE
1129,EUR,16350000,2017-09-14,2037-09-14,0.0142,fixed,floating,TRUE
1128,EUR,26250000,2017-09-14,2027-09-14,0.00823,fixed,floating,TRUE
1127,EUR,12800000,2017-09-14,2024-09-14,0.00447,floating,fixed,TRUE
1126,EUR,23700000,2017-09-14,2022-09-14,0.00175,fixed,floating,TRUE
1125,EUR,2700000,2017-09-14,2067-09-14,0.01484,floating,fixed,TRUE
1124,EUR,7900000,2017-09-14,2047-09-14,0.01504,floating,fixed,TRUE
1123,EUR,18100000,2017-09-14,2032-09-14,0.012225,floating,fixed,TRUE
1122,EUR,9100000,2017-09-14,2027-09-14,0.008355,fixed,floating,TRUE
1121,EUR,17000000,2017-09-14,2024-09-14,0.00437,floating,fixed,TRUE
1120,EUR,7000000,2017-08-24,2037-08-24,0.01406,fixed,floating,TRUE
1119,EUR,2000000,2017-08-24,2032-08-24,0.01228,floating,fixed,TRUE
1118,EUR,26400000,2017-08-24,2027-08-24,0.00828,fixed,floating,TRUE
1117,EUR,12800000,2017-08-24,2024-08-24,0.00463,floating,fixed,TRUE
1116,EUR,19900000,2017-08-24,2022-08-24,0.00193,fixed,floating,TRUE
1115,EUR,5100000,2017-08-24,2047-08-24,0.01483,floating,fixed,TRUE
1114,EUR,1600000,2017-08-24,2037-08-24,0.01421,fixed,floating,TRUE
1113,EUR,18200000,2017-08-24,2032-08-24,0.012155,floating,fixed,TRUE
1112,EUR,9100000,2017-08-24,2027-08-24,0.008405,fixed,floating,TRUE
1111,EUR,32800000,2017-08-24,2024-08-24,0.00453,floating,fixed,TRUE
1110,EUR,13300000,2017-08-24,2020-08-24,-0.00079,floating,fixed,TRUE
1109,EUR,11027000,2017-08-03,2037-08-03,0.01492,fixed,floating,TRUE
1108,EUR,23412000,2017-08-03,2027-08-03,0.00926,fixed,floating,TRUE
1107,EUR,28671000,2017-08-03,2024-08-03,0.00553,floating,fixed,TRUE
1106,EUR,25904000,2017-08-03,2022-08-03,0.00268,fixed,floating,TRUE
1105,EUR,8000000,2017-08-03,2047-08-03,0.01561,floating,fixed,TRUE
1104,EUR,16200000,2017-08-03,2032-08-03,0.013065,floating,fixed,TRUE
1103,EUR,20400000,2017-08-03,2027-08-03,0.00936,fixed,floating,TRUE
1102,EUR,18600000,2017-08-03,2024-08-03,0.00543,floating,fixed,TRUE
1101,EUR,10458000,2017-07-13,2037-07-13,0.01532,fixed,floating,TRUE
1100,EUR,30606000,2017-07-13,2027-07-13,0.00974,fixed,floating,TRUE
1099,EUR,22913000,2017-07-13,2024-07-13,0.00604,floating,fixed,TRUE
1098,EUR,29900000,2017-07-13,2022-07-13,0.0032,fixed,floating,TRUE
1097,EUR,7600000,2017-07-13,2047-07-13,0.01601,floating,fixed,TRUE
1096,EUR,21200000,2017-07-13,2032-07-13,0.013505,floating,fixed,TRUE
1095,EUR,16300000,2017-07-13,2027-07-13,0.00984,fixed,floating,TRUE
1094,EUR,21500000,2017-07-13,2024-07-13,0.00594,floating,fixed,TRUE
1093,EUR,13900000,2017-06-22,2037-06-22,0.01316,fixed,floating,TRUE
1092,EUR,20200000,2017-06-22,2027-06-22,0.00744,fixed,floating,TRUE
1091,EUR,7200000,2017-06-22,2024-06-22,0.00386,floating,fixed,TRUE
1090,EUR,19950000,2017-06-22,2022-06-22,0.00137,fixed,floating,TRUE
1089,EUR,10000000,2017-06-22,2047-06-22,0.013915,floating,fixed,TRUE
1088,EUR,13900000,2017-06-22,2032-06-22,0.011275,floating,fixed,TRUE
1087,EUR,5100000,2017-06-22,2027-06-22,0.007565,fixed,floating,TRUE
1086,EUR,14300000,2017-06-22,2024-06-22,0.00376,floating,fixed,TRUE
1085,EUR,5400000,2017-06-01,2037-06-01,0.01347,fixed,floating,TRUE
1084,EUR,10100000,2017-06-01,2027-06-01,0.00779,fixed,floating,TRUE
1083,EUR,49900000,2017-06-01,2024-06-01,0.00422,floating,fixed,TRUE
1082,EUR,19900000,2017-06-01,2022-06-01,0.00169,fixed,floating,TRUE
1081,EUR,33141000,2017-06-01,2020-06-01,-0.00064,floating,fixed,TRUE
1080,EUR,3900000,2017-06-01,2047-06-01,0.01419,floating,fixed,TRUE
1079,EUR,7000000,2017-06-01,2032-06-01,0.01157,floating,fixed,TRUE
1078,EUR,35400000,2017-06-01,2027-06-01,0.00789,fixed,floating,TRUE
1077,EUR,14300000,2017-06-01,2024-06-01,0.00412,floating,fixed,TRUE
1076,EUR,19900000,2017-06-01,2022-06-01,0.00179,fixed,floating,TRUE
1075,EUR,8300000,2017-05-12,2037-05-12,0.01382,fixed,floating,TRUE
1074,EUR,37800000,2017-05-12,2027-05-12,0.00831,fixed,floating,TRUE
1073,EUR,39900000,2017-05-12,2022-05-12,0.00223,fixed,floating,TRUE
1072,EUR,10000000,2017-05-12,2047-05-12,0.014495,floating,fixed,TRUE
1071,EUR,19000000,2017-05-12,2032-05-12,0.012015,floating,fixed,TRUE
1070,EUR,28600000,2017-05-12,2024-05-12,0.00467,floating,fixed,TRUE
1069,EUR,11050000,2017-04-21,2047-04-21,0.01242,floating,fixed,TRUE
1068,EUR,7500000,2017-04-21,2032-04-21,0.01027,floating,fixed,TRUE
1067,EUR,4100000,2017-04-21,2027-04-21,0.00673,fixed,floating,TRUE
1066,EUR,14300000,2017-04-21,2024-04-21,0.00347,floating,fixed,TRUE
1065,EUR,12100000,2017-04-21,2057-04-21,0.01262,fixed,floating,TRUE
1064,EUR,2800000,2017-04-21,2032-04-21,0.01012,floating,fixed,TRUE
1063,EUR,10100000,2017-04-21,2027-04-21,0.00683,fixed,floating,TRUE
1062,EUR,11500000,2017-04-13,2047-04-13,0.01328,floating,fixed,TRUE
1061,EUR,15210000,2017-04-13,2032-04-13,0.01093,floating,fixed,TRUE
1060,EUR,2000000,2017-04-13,2027-04-13,0.00725,fixed,floating,TRUE
1059,EUR,21350000,2017-04-13,2024-04-13,0.00378,floating,fixed,TRUE
1058,EUR,15900000,2017-04-13,2022-04-13,0.00134,fixed,floating,TRUE
1057,EUR,13500000,2017-04-13,2057-04-13,0.01349,fixed,floating,TRUE
1056,EUR,4300000,2017-04-13,2037-04-13,0.01264,fixed,floating,TRUE
1055,EUR,1400000,2017-04-13,2032-04-13,0.01078,floating,fixed,TRUE
1054,EUR,15100000,2017-04-13,2027-04-13,0.00735,fixed,floating,TRUE
1053,EUR,11400000,2017-04-13,2024-04-13,0.00368,floating,fixed,TRUE
1052,EUR,3500000,2017-03-30,2032-03-30,0.01153,floating,fixed,TRUE
1051,EUR,20350000,2017-03-30,2027-03-30,0.00798,fixed,floating,TRUE
1050,EUR,21400000,2017-03-30,2024-03-30,0.00473,floating,fixed,TRUE
1049,EUR,20000000,2017-03-30,2022-03-30,0.00236,fixed,floating,TRUE
1048,EUR,2700000,2017-03-30,2037-03-30,0.01321,fixed,floating,TRUE
1047,EUR,14000000,2017-03-30,2032-03-30,0.011405,floating,fixed,TRUE
1046,EUR,15200000,2017-03-30,2027-03-30,0.00808,fixed,floating,TRUE
1045,EUR,14300000,2017-03-30,2024-03-30,0.00463,floating,fixed,TRUE
1044,EUR,10174994,2017-03-09,2027-03-09,0.00778,fixed,floating,TRUE
1043,EUR,21454636,2017-03-09,2024-03-09,0.00422,floating,fixed,TRUE
1042,EUR,29848442,2017-03-09,2022-03-09,0.00182,fixed,floating,TRUE
1041,EUR,7000000,2017-03-09,2032-03-09,0.01159,floating,fixed,TRUE
1040,EUR,15200000,2017-03-09,2027-03-09,0.00788,fixed,floating,TRUE
1039,EUR,21400000,2017-03-09,2024-03-09,0.00412,floating,fixed,TRUE
1038,EUR,20307000,2017-02-16,2027-02-16,0.00792,fixed,floating,TRUE
1037,EUR,14000000,2017-02-16,2032-02-16,0.011775,floating,fixed,TRUE
1036,EUR,42000000,2016-12-15,2036-12-15,0.013235,fixed,floating,TRUE
1035,EUR,30000000,2016-12-15,2026-12-15,0.00779,fixed,floating,TRUE
1034,EUR,10000000,2016-12-15,2021-12-15,0.00143,fixed,floating,TRUE
1033,EUR,401000000,2016-12-14,2022-12-14,0.0029,floating,fixed,TRUE
1032,EUR,119000000,2016-12-14,2025-12-14,0.00707,fixed,floating,TRUE
1031,EUR,314000000,2016-12-14,2026-12-14,0.00815,fixed,floating,TRUE
1030,EUR,394000000,2016-12-14,2028-12-14,0.0101,floating,fixed,TRUE
1029,EUR,175272000,2016-12-14,2031-12-14,0.012075,fixed,floating,TRUE
1028,EUR,312103000,2016-12-14,2036-12-14,0.013725,floating,fixed,TRUE
1027,EUR,589000000,2016-12-14,2041-12-14,0.01425,floating,fixed,TRUE
1026,EUR,49000000,2016-12-14,2046-12-14,0.01446,fixed,floating,TRUE
1025,EUR,241000000,2016-12-14,2051-12-14,0.01448,fixed,floating,TRUE
1024,EUR,276620000,2016-12-14,2056-12-14,0.01436,floating,fixed,TRUE
1023,EUR,273000000,2016-12-14,2061-12-14,0.01411,floating,fixed,TRUE
1022,EUR,15700000,2016-12-14,2066-12-14,0.0138,floating,fixed,TRUE
1021,EUR,23200000,2016-12-06,2031-12-06,0.01096,floating,fixed,TRUE
1020,EUR,125500000,2016-12-06,2021-12-06,0.00127,fixed,floating,TRUE
1019,EUR,61600000,2016-12-06,2019-12-06,-0.00081,floating,fixed,TRUE
1018,EUR,28000000,2016-12-06,2036-12-06,0.0124325,fixed,floating,TRUE
1017,EUR,90000000,2016-12-06,2023-12-06,0.00378,floating,fixed,TRUE
1016,EUR,29800000,2016-11-10,2021-11-10,0.0002,fixed,floating,TRUE
1015,EUR,21300000,2016-11-10,2023-11-10,0.00203,floating,fixed,TRUE
1014,EUR,4800416,2016-11-04,2031-11-04,0.00821,floating,fixed,TRUE
1013,EUR,9980755,2016-11-04,2026-11-04,0.00493,fixed,floating,TRUE
1012,EUR,7093177,2016-11-04,2023-11-04,0.00192,floating,fixed,TRUE
1011,EUR,3700000,2016-11-04,2036-11-04,0.00966,fixed,floating,TRUE
1010,EUR,6800000,2016-11-04,2031-11-04,0.00806,floating,fixed,TRUE
1009,EUR,5000000,2016-11-04,2026-11-04,0.005055,fixed,floating,TRUE
1008,EUR,8100000,2016-10-27,2031-10-27,0.00747,floating,fixed,TRUE
1007,EUR,22800000,2016-10-27,2026-10-27,0.00414,fixed,floating,TRUE
1006,EUR,16900000,2016-10-27,2023-10-27,0.00122,floating,fixed,TRUE
1005,EUR,6200000,2016-10-27,2036-10-27,0.00895,fixed,floating,TRUE
1004,EUR,15500000,2016-10-27,2031-10-27,0.007345,floating,fixed,TRUE
1003,EUR,11900000,2016-10-27,2026-10-27,0.00424,fixed,floating,TRUE
1002,EUR,6400000,2016-10-06,2046-10-06,0.00777,floating,fixed,TRUE
997,EUR,42300000,2016-10-06,2023-10-06,0,floating,fixed,TRUE
996,EUR,30000000,2016-10-06,2019-10-06,-0.00224,floating,fixed,TRUE
993,EUR,14200000,2016-09-15,2023-09-15,0.00053,floating,fixed,TRUE
989,EUR,18000000,2016-08-25,2046-08-25,0.00715,floating,fixed,TRUE
984,EUR,15000000,2016-08-25,2023-08-25,-0.00005,floating,fixed,TRUE
983,EUR,13500000,2016-08-04,2031-08-04,0.00648,floating,fixed,TRUE
982,EUR,42600000,2016-08-04,2023-08-04,0.00055,floating,fixed,TRUE
981,EUR,19600000,2016-08-04,2021-08-04,-0.00109,fixed,floating,TRUE
980,EUR,22200000,2016-08-04,2056-08-04,0.00792,fixed,floating,TRUE
978,EUR,14000000,2016-08-04,2023-08-04,0.00045,floating,fixed,TRUE
977,EUR,22000000,2016-08-04,2021-08-04,-0.00099,fixed,floating,TRUE
976,EUR,239000000,2016-07-29,2056-07-29,0.00757,floating,fixed,TRUE
975,EUR,715000000,2016-07-29,2046-07-29,0.00779,floating,fixed,TRUE
971,EUR,24000000,2016-07-29,2021-07-29,-0.00131,floating,fixed,TRUE
970,EUR,90000000,2016-07-29,2018-07-29,-0.00213,floating,fixed,TRUE
968,EUR,7100000,2016-07-28,2023-07-28,0.00043,floating,fixed,TRUE
967,EUR,29400000,2016-07-28,2021-07-28,-0.00122,fixed,floating,TRUE
964,EUR,21000000,2016-07-28,2023-07-28,0.00033,floating,fixed,TRUE
963,EUR,45000000,2016-07-07,2046-07-07,0.00755,floating,fixed,TRUE
960,EUR,8500000,2016-07-07,2023-07-07,0.00014,floating,fixed,TRUE
959,EUR,35000000,2016-07-07,2056-07-07,0.00765,fixed,floating,TRUE
954,EUR,10000000,2016-07-06,2056-07-06,0.00806,fixed,floating,TRUE
952,EUR,29300000,2016-06-16,2046-06-16,0.00939,floating,fixed,TRUE
950,EUR,14200000,2016-06-16,2023-06-16,0.00156,floating,fixed,TRUE
949,EUR,29000000,2016-06-16,2056-06-16,0.00938,fixed,floating,TRUE
946,EUR,27999000,2016-06-14,2021-06-14,-0.0002,fixed,floating,TRUE
945,EUR,20000000,2016-06-14,2023-06-14,0.00158,floating,fixed,TRUE
944,EUR,66000,2016-06-02,2026-06-02,0.00578,fixed,floating,TRUE
941,EUR,1304233,2016-05-20,2031-05-20,0.00908,floating,fixed,TRUE
940,EUR,4400000,2016-05-20,2026-05-20,0.00547,fixed,floating,TRUE
939,EUR,21200000,2016-05-20,2023-05-20,0.00221,floating,fixed,TRUE
938,EUR,4000000,2016-05-20,2046-05-20,0.0107,floating,fixed,TRUE
936,EUR,3000000,2016-05-20,2031-05-20,0.00893,floating,fixed,TRUE
932,EUR,15329000,2016-04-07,2046-04-07,0.00964,floating,fixed,TRUE
930,EUR,20000000,2016-04-07,2056-04-07,0.00946,fixed,floating,TRUE
929,EUR,1000000,2016-04-07,2036-04-07,0.009525,fixed,floating,TRUE
928,EUR,12700000,2016-04-01,2046-04-01,0.01024,floating,fixed,TRUE
926,EUR,15000000,2016-04-01,2056-04-01,0.01015,fixed,floating,TRUE
924,EUR,12700000,2016-03-24,2046-03-24,0.0111,floating,fixed,TRUE
918,EUR,40000000,2016-03-24,2023-03-24,0.0025,floating,fixed,TRUE
917,EUR,12571000,2016-03-04,2046-03-04,0.01104,floating,fixed,TRUE
914,EUR,31800000,2016-02-11,2046-02-11,0.01101,floating,fixed,TRUE
912,EUR,24100000,2016-02-11,2023-02-11,0.00275,floating,fixed,TRUE
907,EUR,4000000,2016-01-21,2036-01-21,0.01467,fixed,floating,TRUE
903,EUR,74100000,2015-12-04,2065-12-04,0.014925,floating,fixed,TRUE
898,EUR,30400000,2015-12-04,2025-12-04,0.0086,floating,fixed,TRUE
896,EUR,97600000,2015-11-26,2020-11-26,0.00192,fixed,floating,TRUE
892,EUR,128000000,2015-11-06,2045-11-06,0.031825,floating,fixed,TRUE
891,EUR,50000000,2015-11-06,2025-11-06,-0.05425,floating,fixed,TRUE
890,EUR,590000000,2015-11-06,2030-11-06,0.00033,floating,fixed,TRUE
889,EUR,312000000,2015-11-06,2065-11-06,0.005815,fixed,floating,TRUE
888,EUR,81500000,2015-11-06,2062-11-06,0.02458,floating,fixed,TRUE
887,EUR,408000000,2015-11-06,2055-11-06,0.012325,fixed,floating,TRUE
886,EUR,62000000,2015-11-06,2061-11-06,0.04617,fixed,floating,TRUE
885,EUR,205000000,2015-11-06,2052-11-06,0.02585,fixed,floating,TRUE
805,EUR,135500000,2015-04-23,2020-04-23,0.00188,floating,fixed,TRUE
789,EUR,4000000,2015-02-19,2035-02-19,0.010925,fixed,floating,TRUE
748,EUR,21551000,2014-10-23,2024-10-23,0.01123,fixed,floating,TRUE
746,EUR,6240000,2014-10-23,2064-10-23,0.018955,floating,fixed,TRUE
745,EUR,23500000,2014-10-16,2024-10-16,0.01062,fixed,floating,TRUE
743,EUR,13157000,2014-10-16,2029-10-16,0.014735,floating,fixed,TRUE
740,EUR,2048000,2014-09-18,2029-09-18,0.0165,floating,fixed,TRUE
739,EUR,1000000,2014-09-18,2054-09-18,0.02076,fixed,floating,TRUE
737,EUR,3500000,2014-09-18,2019-09-18,0.004735,floating,fixed,TRUE
733,EUR,3500000,2014-09-04,2029-09-04,0.01507,floating,fixed,TRUE
732,EUR,4300000,2014-09-04,2024-09-04,0.01117,fixed,floating,TRUE
731,EUR,2000000,2014-09-04,2044-09-04,0.01849,fixed,floating,TRUE
730,EUR,3000000,2014-09-04,2029-09-04,0.01492,floating,fixed,TRUE
729,EUR,33800000,2014-09-03,2024-09-03,0.0109,fixed,floating,TRUE
727,EUR,5000000,2014-08-28,2024-08-28,0.011455,fixed,floating,TRUE
726,EUR,15300000,2014-08-21,2044-08-21,0.01893,fixed,floating,TRUE
725,EUR,63000000,2014-08-21,2024-08-21,0.01227,fixed,floating,TRUE
724,EUR,29500000,2014-08-21,2064-08-21,0.019195,floating,fixed,TRUE
723,EUR,27000000,2014-08-13,2024-08-13,0.01303,fixed,floating,TRUE
720,EUR,1000000,2014-08-07,2064-08-07,0.02105,floating,fixed,TRUE
717,EUR,71500000,2014-07-24,2024-07-24,0.01364,fixed,floating,TRUE
713,EUR,14300000,2014-07-10,2024-07-10,0.01443,fixed,floating,TRUE
707,EUR,1700000,2014-06-19,2054-06-19,0.02331,fixed,floating,TRUE
705,EUR,7500000,2014-06-16,2054-06-16,0.02387,fixed,floating,TRUE
704,EUR,6000000,2014-06-05,2024-06-05,0.016005,fixed,floating,TRUE
703,EUR,25500000,2014-05-22,2024-05-22,0.01605,fixed,floating,TRUE
702,EUR,22000000,2014-05-22,2019-05-22,0.00805,floating,fixed,TRUE
701,EUR,18000000,2014-05-22,2029-05-22,0.020435,floating,fixed,TRUE
700,EUR,11500000,2014-05-22,2024-05-22,0.01615,fixed,floating,TRUE
698,EUR,4231000,2014-05-08,2024-05-08,0.01727,fixed,floating,TRUE
697,EUR,3000000,2014-05-08,2029-05-08,0.02151,floating,fixed,TRUE
693,EUR,25365000,2014-04-17,2024-04-17,0.01737,fixed,floating,TRUE
691,EUR,26700000,2014-04-03,2019-04-03,0.00991,floating,fixed,TRUE
689,EUR,8096000,2014-03-20,2029-03-20,0.02267,floating,fixed,TRUE
687,EUR,8000000,2014-03-20,2034-03-20,0.0245,fixed,floating,TRUE
686,EUR,3000000,2014-03-06,2034-03-06,0.024495,fixed,floating,TRUE
685,EUR,1792000,2014-02-20,2029-02-20,0.02339,floating,fixed,TRUE
684,EUR,1500000,2014-02-20,2034-02-20,0.025085,fixed,floating,TRUE
683,EUR,60500000,2014-02-06,2024-02-06,0.01866,fixed,floating,TRUE
682,EUR,1728000,2014-02-06,2044-02-06,0.024855,floating,fixed,TRUE
680,EUR,7650000,2014-01-23,2019-01-23,0.01137,floating,fixed,TRUE
679,EUR,2600000,2014-01-23,2034-01-23,0.02648,fixed,floating,TRUE
678,EUR,5550000,2014-01-09,2019-01-09,0.01219,floating,fixed,TRUE
677,EUR,1900000,2014-01-09,2034-01-09,0.02705,fixed,floating,TRUE
674,EUR,2700000,2014-01-07,2034-01-07,0.02755,fixed,floating,TRUE
671,EUR,15400000,2013-11-15,2028-11-15,0.02531,floating,fixed,TRUE
667,EUR,37400000,2013-10-17,2028-10-17,0.02617,floating,fixed,TRUE
664,EUR,39500000,2013-09-12,2028-09-12,0.02714,floating,fixed,TRUE
662,EUR,31100000,2013-08-29,2028-08-29,0.02579,floating,fixed,TRUE
661,EUR,25000000,2013-08-29,2033-08-29,0.027015,fixed,floating,TRUE
660,EUR,6198000,2013-08-20,2028-08-20,0.02581,floating,fixed,TRUE
658,EUR,10000000,2013-08-20,2028-08-20,0.025685,floating,fixed,TRUE
657,EUR,12435428.84,2013-08-15,2028-08-15,0.02477,floating,fixed,TRUE
653,EUR,21000000,2013-07-12,2043-07-12,0.025155,fixed,floating,TRUE
652,EUR,40000000,2013-07-11,2028-07-11,0.02384,floating,fixed,TRUE
650,EUR,5000000,2013-07-04,2028-07-04,0.02346,floating,fixed,TRUE
649,EUR,10000000,2013-06-13,2028-06-13,0.022915,floating,fixed,TRUE
648,EUR,16000000,2013-06-06,2028-06-06,0.02215,floating,fixed,TRUE
646,EUR,16000000,2013-06-06,2028-06-06,0.022025,floating,fixed,TRUE
645,EUR,42800000,2013-05-30,2028-05-30,0.02135,floating,fixed,TRUE
643,EUR,45105000,2013-05-24,2028-05-24,0.02092,floating,fixed,TRUE
638,EUR,41000000,2013-05-16,2028-05-16,0.02073,floating,fixed,TRUE
637,EUR,29911000,2013-05-16,2053-05-16,0.02428,fixed,floating,TRUE
636,EUR,44000000,2013-05-09,2028-05-09,0.02026,floating,fixed,TRUE
634,EUR,26400000,2013-05-08,2028-05-08,0.01982,floating,fixed,TRUE
631,EUR,7000000,2013-04-25,2023-04-25,0.015045,fixed,floating,TRUE
630,EUR,16400000,2013-04-05,2028-04-05,0.02096,floating,fixed,TRUE
629,EUR,34000000,2013-04-05,2053-04-05,0.02418,fixed,floating,TRUE
621,EUR,6000000,2013-01-31,2033-01-31,0.023825,fixed,floating,TRUE
610,EUR,1000000,2012-11-15,2062-11-15,0.02374,floating,fixed,TRUE
609,EUR,24000000,2012-11-08,2062-11-08,0.024105,floating,fixed,TRUE
592,EUR,24383000,2012-08-16,2019-08-16,0.01423,floating,fixed,TRUE
583,EUR,7900000,2012-07-12,2019-07-12,0.01456,floating,fixed,TRUE
555,EUR,115000000,2012-06-14,2017-06-14,0.01307,fixed,floating,TRUE
548,EUR,66300000,2012-06-11,2019-06-11,0.01553,floating,fixed,TRUE
532,EUR,20000000,2012-06-01,2042-06-01,0.019205,floating,fixed,TRUE
527,EUR,65000000,2012-05-28,2042-05-28,0.020155,floating,fixed,TRUE
526,EUR,14649000,2012-05-24,2019-05-24,0.01658,floating,fixed,TRUE
495,EUR,54000000,2012-01-26,2042-01-26,0.026635,fixed,floating,TRUE
490,EUR,85570000,2012-01-24,2019-01-24,0.01997,floating,fixed,TRUE
479,EUR,638279,2011-12-21,2041-12-21,0.024845,floating,fixed,TRUE
478,EUR,11359471,2011-12-21,2031-12-21,0.026675,fixed,floating,TRUE
476,EUR,5837053,2011-12-20,2026-12-20,0.02691,fixed,floating,TRUE
471,EUR,7546157,2011-12-19,2026-12-19,0.02714,fixed,floating,TRUE
462,EUR,1037,2011-12-09,2041-12-09,0.026795,floating,fixed,TRUE
448,EUR,206569,2011-10-14,2051-10-14,0.02932,fixed,floating,TRUE
442,EUR,32691,2011-09-26,2031-09-26,0.02679,fixed,floating,TRUE
441,EUR,2091587,2011-09-26,2026-09-26,0.02644,fixed,floating,TRUE
438,EUR,7341,2011-09-26,2041-09-26,0.025575,floating,fixed,TRUE
436,EUR,8209877,2011-09-23,2026-09-23,0.0277,fixed,floating,TRUE
431,EUR,24355000,2011-09-16,2031-09-16,0.02929,fixed,floating,TRUE
416,EUR,217324,2011-09-14,2041-09-14,0.027645,floating,fixed,TRUE
411,EUR,5000000,2011-09-09,2021-09-09,0.026765,fixed,floating,TRUE
409,EUR,10833757,2011-09-02,2031-09-02,0.032745,fixed,floating,TRUE
404,EUR,10000000,2011-08-26,2021-08-26,0.02788,fixed,floating,TRUE
403,EUR,8313952,2011-08-23,2026-08-23,0.03056,fixed,floating,TRUE
402,EUR,10000000,2011-08-23,2051-08-23,0.02936,floating,fixed,TRUE
401,EUR,83264,2011-08-23,2041-08-23,0.029745,floating,fixed,TRUE
395,EUR,40446000,2011-08-15,2031-08-15,0.03195,fixed,floating,TRUE
383,EUR,1050000,2011-08-04,2051-08-04,0.03331,floating,fixed,TRUE
373,EUR,13259718,2011-07-14,2031-07-14,0.034585,fixed,floating,TRUE
371,EUR,5000000,2011-07-08,2021-07-08,0.033635,fixed,floating,TRUE
368,EUR,18000000,2011-07-01,2051-07-01,0.0378,fixed,floating,TRUE
345,EUR,11000000,2011-04-01,2051-04-01,0.03755,fixed,floating,TRUE
337,EUR,29000000,2011-02-07,2051-02-07,0.03598,fixed,floating,TRUE
329,EUR,8100000,2010-12-17,2050-12-17,0.03423,fixed,floating,TRUE
321,EUR,23119000,2010-12-09,2020-12-09,0.03248,fixed,floating,TRUE
303,EUR,300000,2010-10-08,2060-10-08,0.02586,floating,fixed,TRUE
302,EUR,2400000,2010-10-08,2050-10-08,0.02635,floating,fixed,TRUE
300,EUR,2900000,2010-09-17,2050-09-17,0.0286,fixed,floating,TRUE
296,EUR,5000000,2010-09-07,2050-09-07,0.02752,fixed,floating,TRUE
290,EUR,27000000,2010-09-03,2050-09-03,0.02488,floating,fixed,TRUE
285,EUR,3578141,2010-08-27,2060-08-27,0.024855,floating,fixed,TRUE
283,EUR,4150000,2010-08-27,2050-08-27,0.02515,floating,fixed,TRUE
269,EUR,20500000,2010-07-30,2060-07-30,0.032895,fixed,floating,TRUE
263,EUR,25000000,2010-06-11,2060-06-11,0.029855,floating,fixed,TRUE
262,EUR,20000000,2010-06-11,2050-06-11,0.03015,floating,fixed,TRUE
261,EUR,30000000,2010-06-11,2040-06-11,0.031465,floating,fixed,TRUE
258,EUR,30000000,2010-06-04,2050-06-04,0.03031,floating,fixed,TRUE
255,EUR,30000000,2010-05-21,2060-05-21,0.031235,floating,fixed,TRUE
248,EUR,37000000,2010-04-30,2060-04-30,0.032685,floating,fixed,TRUE
246,EUR,15000000,2010-01-15,2060-01-15,0.038195,fixed,floating,TRUE
243,EUR,10000000,2009-12-04,2049-12-04,0.03596,floating,fixed,TRUE
242,EUR,15000000,2009-11-30,2059-11-30,0.036155,floating,fixed,TRUE
240,EUR,10000000,2009-11-20,2059-11-20,0.036665,floating,fixed,TRUE
237,EUR,4000000,2009-11-06,2059-11-06,0.03826,fixed,floating,TRUE
235,EUR,6000000,2009-10-30,2059-10-30,0.03753,floating,fixed,TRUE
234,EUR,14000000,2009-10-30,2049-10-30,0.03817,floating,fixed,TRUE
232,EUR,10000000,2009-10-23,2049-10-23,0.03846,fixed,floating,TRUE
230,EUR,10000000,2009-10-16,2059-10-16,0.036455,floating,fixed,TRUE
229,EUR,7000000,2009-10-16,2049-10-16,0.03701,floating,fixed,TRUE
228,EUR,7511516,2009-10-16,2029-10-16,0.039645,fixed,floating,TRUE
227,EUR,10000000,2009-10-16,2024-10-16,0.038225,fixed,floating,TRUE
226,EUR,15000000,2009-10-09,2059-10-09,0.036525,floating,fixed,TRUE
225,EUR,3139139,2009-10-09,2029-10-09,0.039365,fixed,floating,TRUE
224,EUR,15000000,2009-10-05,2059-10-05,0.037525,floating,fixed,TRUE
223,EUR,15000000,2009-10-05,2049-10-05,0.03802,floating,fixed,TRUE
202,EUR,4338249,2008-01-25,2028-01-25,0.0480787,fixed,floating,TRUE
197,EUR,25000000,2008-01-25,2023-01-25,0.046356,fixed,floating,TRUE
186,EUR,50000000,2008-01-25,2023-01-25,0.04502,fixed,floating,TRUE
180,EUR,11900000,2008-01-25,2057-01-25,0.045641,floating,fixed,TRUE
176,EUR,44750000,2007-07-25,2017-01-25,0.04686,fixed,floating,TRUE
169,EUR,21205610,2006-07-25,2046-07-25,0.0394,floating,fixed,TRUE
157,EUR,10125543,2011-03-11,2031-03-11,0.039,fixed,floating,TRUE
116,EUR,2100000,2010-12-06,2020-12-06,0.03194,fixed,floating,TRUE
89,EUR,43200000,2010-10-06,2040-10-06,0.027915,floating,fixed,TRUE
65,EUR,33000000,2010-08-20,2040-08-20,0.029105,floating,fixed,TRUE
62,EUR,45000000,2010-08-13,2040-08-13,0.031255,floating,fixed,TRUE
55,EUR,12700000,2010-07-30,2040-07-30,0.034145,fixed,floating,TRUE
50,EUR,23600000,2010-07-07,2040-07-07,0.032025,floating,fixed,TRUE
43,EUR,900000,2010-06-04,2040-06-04,0.031635,floating,fixed,TRUE
28,EUR,21500000,2010-05-06,2040-05-06,0.035205,floating,fixed,TRUE
22,EUR,30000000,2010-04-12,2040-04-12,0.036695,floating,fixed,TRUE
10,EUR,52539000.09,2012-01-25,2023-07-25,0.03969308,fixed,floating,TRUE
10,EUR,57667121.61,2012-01-25,2023-07-25,0.03969308,fixed,floating,TRUE
6,EUR,76500000,2012-01-25,2038-07-25,0.05242864,floating,fixed,TRUE
2,EUR,21462000,2012-01-25,2058-07-25,0.02516787,floating,fixed,TRUE
1,EUR,251000000,2012-01-25,2059-01-25,0.0349694,fixed,floating,TRUE